player,transfermarkt_id,transfermarkt_name,tm_market_value
José Raúl Rangel,802855,Raúl Rangel,6500000.0
Jorge Eduardo Sanchez,356044,Jorge Sánchez,2000000.0
César Jasib Montes,387687,César Montes,7500000.0
Edson Omar Alvarez,401356,Edson Álvarez,15000000.0
Johan Felipe Vasquez,532937,Johan Vásquez,12000000.0
Erik Antonio Lira,602324,Érik Lira,12000000.0
Luis Francisco Romo,532938,Luis Romo,3000000.0
Álvaro Fidalgo,261503,Álvaro Fidalgo,6000000.0
Raúl Alonso Jimenez,206040,Raúl Jiménez,3000000.0
Ernesto Alexis Vega,424689,Alexis Vega,8000000.0
Santiago Tomás Gimenez,552955,Santiago Gimenez,18000000.0
Carlos Acevedo,356042,Carlos Acevedo,2800000.0
Francisco Guillermo Ochoa,29559,Guillermo Ochoa,250000.0
Armando Gonzalez,837619,Armando González,15000000.0
Israel Reyes,687558,Israel Reyes,6500000.0
Julián Andrés Quinones,416090,Julián Quiñones,14000000.0
Orbelín Pineda,334042,Orbelín Pineda,7000000.0
Obed Goméz Vargas,889435,Obed Vargas,10000000.0
Gilberto Rafael Mora,1155723,Gilberto Mora,10000000.0
Mateo Chavez,1066953,Mateo Chávez,4000000.0
César Saúl Huerta,540315,César Huerta,3500000.0
Guillermo Martinez,347932,Guillermo Martínez,1500000.0
Jesús Daniel Gallardo,344854,Jesús Gallardo,2800000.0
Luis Gerardo Chavez,331059,Luis Chávez,6000000.0
Roberto Carlos Alvarado,353583,Roberto Alvarado,7500000.0
Brian Gutierrez,724443,Brian Gutiérrez,8000000.0
Ronwen Hayden Williams,175577,Ronwen Williams,800000.0
Khulumani Ndamane,1283140,Khulumani Ndamane,1200000.0
Teboho Mokoena,436372,Teboho Mokoena,2800000.0
Aubrey Maphosa Modiba,353432,Aubrey Modiba,1800000.0
Oswin Reagan Appollis,673381,Oswin Appollis,2500000.0
Tshepang Moremi,844485,Tshepang Moremi,1400000.0
Lyle Brent Foster,467623,Lyle Foster,8000000.0
Relebohile Mofokeng,1125037,Relebohile Mofokeng,3000000.0
Themba Zwane,176578,Themba Zwane,250000.0
Thapelo Maseko,983330,Thapelo Maseko,750000.0
Mbekezeli Mfanufikile Mbokazi,1378320,Mbekezeli Mbokazi,3500000.0
Iqraam Rayners,337884,Iqraam Rayners,2800000.0
Samukele Alucious Kabini,1175086,Samukele Kabini,2500000.0
Nkosinathi Emmanuel Sibisi,399068,Nkosinathi Sibisi,1600000.0
Khuliso Johnson Mudau,450806,Khuliso Mudau,1200000.0
Ime Daniel Okon,1107265,Ime Okon,2000000.0
Stuart Ricardo Goss,258304,Ricardo Goss,350000.0
Jayden Oswin Adams,804472,Jayden Adams,1800000.0
Olwethu Mpilwenhle Makhanya,1069801,Olwethu Makhanya,2000000.0
Bradley Paul Cross,555209,Bradley Cross,1000000.0
Jens Castrop,613192,Jens Castrop,10000000.0
David Zima,544149,David Zima,7000000.0
Tomáš Holes,216278,Tomas Holes,1000000.0
Robin Hranac,620217,Robin Hranac,10000000.0
Vladimír Coufal,157672,Vladimír Coufal,2500000.0
Ladislav Krejci,345911,Ladislav Krejci,22000000.0
Vladimír Darida,179643,Vladimír Darida,375000.0
Adam Hlozek,552057,Adam Hlozek,10000000.0
Patrik Schick,242086,Patrik Schick,18000000.0
Jan Kuchta,334802,Jan Kuchta,2700000.0
Lukáš Cerv,611049,Lukas Cerv,6000000.0
Mojmír Chytil,405855,Mojmír Chytil,4000000.0
David Jurasek,500054,David Jurásek,5000000.0
Pavel Sulc,500053,Pavel Sulc,20000000.0
Lukáš Provod,292779,Lukas Provod,8000000.0
Michal Sadilek,321204,Michal Sadílek,8000000.0
Tomáš Chory,198614,Tomas Chory,2700000.0
Jaroslav Zeleny,142219,Jaroslav Zelený,600000.0
David Doudera,493758,David Doudera,3500000.0
Tomáš Soucek,283628,Tomáš Souček,10000000.0
Lukáš Hornicek,629773,Lukas Hornicek,18000000.0
Alexandr Sojka,826103,Alexandr Sojka,2300000.0
Hugo Sochurek,1206877,Hugo Sochurek,3500000.0
Denis Visinsky,652060,Denis Visinsky,3000000.0
Dayne Tristan St. Clair,439750,Dayne St. Clair,3500000.0
Alistair William Johnston,637446,Alistair Johnston,8000000.0
Alfie Charles Jones,340990,Alfie Jones,6000000.0
Luc De Fougerolles,921995,Luc De Fougerolles,1000000.0
Joel Robert Waterman,441738,Joel Waterman,2000000.0
Mathieu Choiniere,589006,Mathieu Choinière,800000.0
Stephen Eustaquio,512913,Stephen Eustaquio,6000000.0
Ismaël Kenneth Jordan Kone,921655,Ismaël Koné,25000000.0
Cyle Christopher Larin,343463,Cyle Larin,2500000.0
Jonathan Christian David,533738,Jonathan David,30000000.0
Liam Alan Millar,487417,Liam Millar,3000000.0
Derek Austin Cornelius,328609,Derek Cornelius,2500000.0
Jacob Everett Shaffelburg,637632,Jacob Shaffelburg,2500000.0
Maxime Crepeau,189014,Maxime Crépeau,1800000.0
Tajon Trevor Buchanan,638793,Tajon Buchanan,12000000.0
Owen Olamidayo Goodman,814848,Owen Goodman,550000.0
Alphonso Boyle Davies,424204,Alphonso Davies,40000000.0
Ali Ahmed,995642,Ali Ahmed,5000000.0
Jonathan Osorio,260807,Jonathan Osorio,1000000.0
Richmond Mamah Laryea,417348,Richie Laryea,1000000.0
Niko Kristian Sigur,1045375,Niko Sigur,4000000.0
Promise Oluwatobi Emmanuel David,888785,Promise David,17000000.0
Nathan-Dylan Saliba,842420,Nathan-Dylan Saliba,7500000.0
Jayden Nelson,635445,Jayden Nelson,2000000.0
Nikola Vasilj,248454,Nikola Vasilj,4500000.0
Nihad Mujakic,380919,Nihad Mujakic,1200000.0
Dennis Hadzikadunic,322065,Dennis Hadzikadunic,1200000.0
Tarik Muharemovic,679423,Tarik Muharemović,25000000.0
Sead Kolasinac,94005,Sead Kolasinac,4000000.0
Benjamin Tahirovic,787907,Benjamin Tahirović,4500000.0
Amar Dedic,519184,Amar Dedić,16000000.0
Armin Gigovic,651269,Armin Gigovic,2500000.0
Samed Bazdar,710969,Samed Bazdar,1500000.0
Ermedin Demirovic,335457,Ermedin Demirovic,22000000.0
Edin Dzeko,28396,Edin Dzeko,1000000.0
Mladen Jurkas,952692,Mladen Jurkas,700000.0
Ivan Basic,620560,Ivan Basic,1500000.0
Ivan Sunjic,226097,Ivan Šunjić,2000000.0
Amar Memic,638990,Amar Memić,4500000.0
Amir Hadziahmetovic,293213,Amir Hadziahmetovic,4000000.0
Dzenis Burnic,251295,Dzenis Burnic,1200000.0
Nikola Katic,422051,Nikola Katic,1800000.0
Kerim Alajbegovic,929994,Kerim Alajbegovic,22000000.0
Esmir Bajraktarevic,925862,Esmir Bajraktarevic,8000000.0
Stjepan Radeljic,384568,Stjepan Radeljic,2800000.0
Martin Zlomislic,495320,Martin Zlomislic,2000000.0
Haris Tabakovic,203123,Haris Tabakovic,3500000.0
Arjan Malic,805534,Arjan Malic,1800000.0
Jovo Lukic,457738,Jovo Lukić,2200000.0
Ermin Mahmic,803049,Ermin Mahmic,5000000.0
Ibrahim Mahmoud Abunada,669629,Mahmoud Abunada,400000.0
Miguel Pedro,808574,Miguel Menino,700000.0
Michel Lucas,276053,Michel,
Hussain Sultan,436439,Osama Abdullah,
Gregor Kobel,257814,Gregor Kobel,40000000.0
Miro Max Maria Muheim,298603,Miro Muheim,5000000.0
Silvan Dominic Widmer,168989,Silvan Widmer,800000.0
Nico Elvedi,192635,Nico Elvedi,8000000.0
Manuel Obafemi Akanji,284730,Manuel Akanji,17000000.0
Denis Lemi Zakaria,334526,Denis Zakaria,25000000.0
Breel Donald Embolo,237662,Breel Embolo,15000000.0
Remo Marco Freuler,148252,Remo Freuler,3000000.0
Granit Xhaka,111455,Granit Xhaka,8000000.0
Dan Ndoye,365108,Dan Ndoye,32000000.0
Yvon Landry Mvogo,147051,Yvon Mvogo,2500000.0
Ricardo Ivan Rodriguez,86784,Ricardo Rodríguez,1400000.0
Ardon Jashari,608172,Ardon Jashari,25000000.0
Djibril Ibrahima Sow,212723,Djibril Sow,7500000.0
Ruben Estephan Vargas,345886,Rubén Vargas,12000000.0
Noah Arinzechukwu Okafor,346890,Noah Okafor,25000000.0
Michel Aebischer,237658,Michel Aebischer,4000000.0
Marvin Keller,500763,Marvin Keller,6000000.0
Fabian Rieder,507341,Fabian Rieder,12000000.0
Mohamed Zeki Amdouni,548729,Zeki Amdouni,7000000.0
Aurèle Florian Amenda,635645,Aurèle Amenda,10000000.0
Luca Antony Jaquez,539798,Luca Jaquez,10000000.0
Cedric Jan Itten,243856,Cedric Itten,1800000.0
Henrique,800175,Luiz Henrique,24000000.0
Sandro Alex,90636,Lisandro Henríquez,
José Vinicius,509646,Vinicius Oliveira,
Yassine Bounou,207834,Yassine Bounou,3000000.0
Achraf Hakimi,398073,Achraf Hakimi,80000000.0
Noussair Mazraoui,340456,Noussair Mazraoui,18000000.0
Sofyan Amrabat,287579,Sofyan Amrabat,10000000.0
Marwane Saadane,210009,Marwane Saadane,400000.0
Ayyoub Bouaddi,1097139,Ayyoub Bouaddi,50000000.0
Chemsdine Talbi,743384,Chemsdine Talbi,25000000.0
Soufiane Rahimi,598506,Soufiane Rahimi,6000000.0
Brahim Diaz,314678,Brahim Díaz,35000000.0
Ismael Saibari,702869,Ismael Saibari,40000000.0
Zakaria El Ouahdi,820474,Zakaria El Ouahdi,17000000.0
Issa Laye Lucas Jean Diop,272622,Issa Diop,8000000.0
Samir El Mourabet,1130514,Samir El Mourabet,22000000.0
Gessime Ben Youssef Mustapha Yassine,1151929,Gessime Yassine,12000000.0
Chadi Riad,689637,Chadi Riad,15000000.0
Ahmed Reda Tagnaouti,238997,Ahmed Reda Tagnaouti,1000000.0
Bilal El Khannouss,654982,Bilal El Khannouss,35000000.0
Neil Yoni El Aynaoui,901019,Neil El Aynaoui,23000000.0
Redouane Halhal,913660,Redouane Halhal,5000000.0
Johny Placide,51035,Johny Placide,150000.0
Carlens Jean Fedlaire Ruby Arcus,371686,Carlens Arcus,1800000.0
Keeto Thermoncy,1061046,Keeto Thermoncy,100000.0
Ricardo Ade,278145,Ricardo Adé,300000.0
Hannes Piterson Delcroix,338635,Hannes Delcroix,2000000.0
Carl Fred Sainte,718244,Carl Sainté,125000.0
Derrick Burckley Etienne,354763,Derrick Etienne Jr.,800000.0
Duckens Nazon,345763,Duckens Nazon,800000.0
Markhus Lacroix,375472,Duke Lacroix,125000.0
Garven-Michee Metusala,859175,Garven Metusala,200000.0
Ruben Fritzner Providence,536520,Ruben Providence,300000.0
Lenny Alvin Pico Joseph,815359,Lenny Joseph,2000000.0
Danley Jean Jacques,628834,Danley Jean Jacques,3000000.0
Wilson Isidor,494237,Wilson Isidor,18000000.0
Yassin Enzo Fortune,342878,Yassin Fortuné,300000.0
Frantzdy Pierrot,492955,Frantzdy Pierrot,1500000.0
Jean-Kévin Duverne,344864,Jean-Kévin Duverne,2000000.0
Josue Duverger,490369,Josué Duverger,
Wilguens Raphael Polynice Paugain,609691,Wilguens Paugain,800000.0
Dominique Celidor Simon,988188,Dominique Simon,200000.0
Olivier Woodensky Pierre,1017735,Woodensky Pierre,100000.0
Angus Fraser James Gunn,201574,Angus Gunn,1000000.0
Aaron Buchanan Hickey,591949,Aaron Hickey,16000000.0
Andrew Henry Robertson,234803,Andrew Robertson,7000000.0
Mc,645014,Malsawmzuala,
Grant Campbell Hanley,121385,Grant Hanley,200000.0
Kieran Tierney,300716,Kieran Tierney,8000000.0
Tyler Robert Fletcher,1049911,Tyler Fletcher,1500000.0
Lyndon John Dykes,347138,Lyndon Dykes,800000.0
Ryan Christie,188077,Ryan Christie,8000000.0
Liam Patrick Kelly,208772,Liam Kelly,800000.0
Jack William Hendry,363223,Jack Hendry,2500000.0
Ross Cameron Stewart,447995,Ross Stewart,2500000.0
Dominic John Hyam,263268,Dominic Hyam,2000000.0
George David Eric Hirst,420808,George Hirst,10000000.0
Lewis Ferguson,428563,Lewis Ferguson,14000000.0
Lawrence Shankland,225744,Lawrence Shankland,3000000.0
Anthony Ralston,388171,Anthony Ralston,1500000.0
Findlay Kenneth Curtis,1082993,Findlay Curtis,2000000.0
Matthew Charles Turner,425306,Matt Turner,2500000.0
Sergiño Gianni Dest,361104,Sergiño Dest,18000000.0
Christopher Jeffrey Richards,578539,Chris Richards,28000000.0
Tyler Shaan Adams,332705,Tyler Adams,25000000.0
Antonee Robinson,349701,Antonee Robinson,22000000.0
Auston Levi-Jesaiah Trusty,389253,Auston Trusty,6000000.0
Ricardo Daniel Pepi,627207,Ricardo Pepi,30000000.0
Christian Mate Pulisic,315779,Christian Pulisic,40000000.0
Brenden Russell Aaronson,393323,Brenden Aaronson,22000000.0
Miles Gordon Robinson,468022,Miles Robinson,3500000.0
Timothy Michael Ream,145466,Tim Ream,150000.0
Sebastian Matthew Berhalter,734761,Sebastian Berhalter,8000000.0
Cristian Roldan,354792,Cristian Roldán,3500000.0
Alexander Michael Freeman,985806,Alex Freeman,3500000.0
Malik Leon Tillman,467437,Malik Tillman,30000000.0
Maximilian Michael Arfsten,993063,Max Arfsten,5000000.0
Haji Amir Wright,315291,Haji Wright,16000000.0
Timothy Tarpeh Weah,370846,Timothy Weah,20000000.0
Joseph Michael Scally,504153,Joe Scally,7000000.0
Matthew Andrew Geary Freese,500309,Matt Freese,2000000.0
Christopher Keith Brady,765504,Chris Brady,2500000.0
Alejandro Zendejas,351505,Álex Zendejas,10000000.0
Roberto Junior Fernandez,107318,Roberto Fernández,100000.0
Victor Gustavo Velazquez,389399,Gustavo Velázquez,400000.0
Omar Federico Alderete,353032,Omar Alderete,13000000.0
Juan Jose Caceres,756494,Juan José Cáceres,5000000.0
Fabián Cornelio Balbuena,285548,Fabián Balbuena,900000.0
Júnior Osmar Ignacio Alonso,273000,Júnior Alonso,1500000.0
Ramón Sosa,745191,Ramón Sosa,10000000.0
Diego Alexander Gomez,996897,Diego Gómez,25000000.0
Arnaldo Antonio Sanabria,234523,Antonio Sanabria,1800000.0
Miguel Angel Almiron,272999,Miguel Almirón,7000000.0
Mauricio Mauricio,1475249,Mauricio Mauricio,
Orlando Daniel Gill,643259,Orlando Gill,6000000.0
Jose Maria Canale,402627,José Canale,2200000.0
Adrián Andrés Cubas,323872,Andrés Cubas,4500000.0
Gustavo Raul Gomez,215390,Gustavo Gómez,3500000.0
Damián Josue Bobadilla,861852,Damián Bobadilla,6000000.0
Alejandro Sebastian Romero Gamarra,355817,Kaku,4500000.0
Alex Adrian Arce,970518,Álex Arce,3500000.0
Julio Cesar Enciso,660867,Julio Enciso,25000000.0
Braian Oscar Ojeda,491596,Braian Ojeda,3500000.0
Gabriel Avalos,358418,Gabriel Ávalos,750000.0
Gastón Hernán Olveira,301722,Gastón Olveira,500000.0
Matias Galarza,909737,Matías Galarza,5500000.0
Gustavo Ruben Caballero,891672,Gustavo Caballero,1000000.0
Isidro Miguel Pitta,675178,Isidro Pitta,7500000.0
Alexandro Maidana,1371519,Alexandro Maidana,2500000.0
Mathew David Ryan,128969,Mathew Ryan,1800000.0
Milos Degenek,187353,Milos Degenek,450000.0
Alessandro Circati,867137,Alessandro Circati,12000000.0
Jacob Michael Italiano,545810,Jacob Italiano,600000.0
Jordan Jacob Bos,855731,Jordan Bos,12000000.0
Jason Kato Geria,185175,Jason Geria,350000.0
Mathew Allan Leckie,126214,Mathew Leckie,300000.0
Connor Isaac Metcalfe,522223,Connor Metcalfe,1500000.0
Mohamed Toure,742770,Mohamed Touré,8000000.0
Ajdin Hrustic,265625,Ajdin Hrustic,600000.0
Awer Bul Mabil,255729,Awer Mabil,500000.0
Paul David Izzo,181921,Paul Izzo,500000.0
Cameron Peter Devlin,399162,Cammy Devlin,2000000.0
Kai Clifton Trewin,691326,Kai Trewin,1800000.0
Aziz Behich,136834,Aziz Behich,250000.0
Nestory Irankunda,956920,Nestory Irankunda,8000000.0
Patrick Thomas Beach,983578,Patrick Beach,1000000.0
Harry James Souttar,298091,Harry Souttar,3500000.0
Cristian Volpato,746891,Cristian Volpato,10000000.0
Cameron Robert Burgess,255788,Cameron Burgess,1500000.0
Jackson Alexander Irvine,192557,Jackson Irvine,1000000.0
Nishan Matthew Velupillay,888140,Nishan Velupillay,650000.0
Paul Michael Junior Okon-Engstler,1064377,Paul Okon-Engstler,1200000.0
Lucas Herrington,1279984,Lucas Herrington,4500000.0
Fehmi Mert Gunok,51894,Mert Günok,500000.0
Mehmet Zeki Celik,251075,Zeki Çelik,14000000.0
Merih Demiral,340879,Merih Demiral,12000000.0
Salih Ozcan,244940,Salih Özcan,3500000.0
Orkun Kokcu,454567,Orkun Kökçü,25000000.0
Muhammed Kerem Akturkoglu,382528,Kerem Aktürkoğlu,20000000.0
Arda Guler,861410,Arda Güler,90000000.0
Deniz Daniel Gul,1063292,Deniz Gül,5000000.0
Hakan Calhanoglu,126414,Hakan Çalhanoğlu,16000000.0
Kenan Yildiz,845654,Kenan Yıldız,75000000.0
Altay Bayindir,336077,Altay Bayındır,5000000.0
Evren Eren Elmali,616894,Eren Elmalı,5000000.0
Ozan Muhammed Kabak,361260,Ozan Kabak,15000000.0
Mert Muldur,353922,Mert Müldür,7000000.0
Yunus Akgun,396908,Yunus Akgün,18000000.0
Ferdi Erenay Kadioglu,369316,Ferdi Kadıoğlu,35000000.0
Kaan Ayhan,119031,Kaan Ayhan,1500000.0
Ugurcan Cakir,292199,Uğurcan Çakır,15000000.0
Oguz Aydin,563749,Oğuz Aydın,7000000.0
Samet Akaydin,295024,Samet Akaydin,1200000.0
Can Yılmaz Uzun,816585,Can Uzun,45000000.0
Manuel Peter Neuer,17259,Manuel Neuer,4000000.0
Antonio Ruediger,86202,Antonio Rüdiger,6000000.0
Waldemar Anton,193004,Waldemar Anton,18000000.0
Jonathan Glao Tah,196357,Jonathan Tah,28000000.0
Aleksandar Pavlovic,792380,Aleksandar Pavlovic,90000000.0
Joshua Walter Kimmich,161056,Joshua Kimmich,35000000.0
Kai Lukas Havertz,309400,Kai Havertz,55000000.0
Leon Christoph Goretzka,153084,Leon Goretzka,12000000.0
Jamal Musiala,580195,Jamal Musiala,100000000.0
Nick Woltemade,455661,Nick Woltemade,55000000.0
Oliver Baumann,55089,Oliver Baumann,2500000.0
Maximilian Beier,578392,Maximilian Beier,40000000.0
Nico Cédric Schlotterbeck,388198,Nico Schlotterbeck,55000000.0
Florian Richard Wirtz,598577,Florian Wirtz,100000000.0
Leroy Aziz Sane,192565,Leroy Sané,20000000.0
Nadiem Amiri,232454,Nadiem Amiri,17000000.0
Alexander Nuebel,195778,Alexander Nübel,12000000.0
Felix Kalu Nmecha,406640,Felix Nmecha,50000000.0
Malick Thiaw,521964,Malick Thiaw,45000000.0
Forzan Assan Ouedraogo,897424,Assan Ouédraogo,28000000.0
Deniz Undav,339314,Deniz Undav,22000000.0
Eloy Victor Room,79294,Eloy Room,150000.0
Shurandy Ruggerio Sambo,412937,Shurandy Sambo,1300000.0
Juriën Godfried Juan Gaari,328455,Juriën Gaari,350000.0
Róshón Felix Romar Jordan Van Eijma,401029,Roshon van Eijma,375000.0
Sherel Constancio Floranus,315211,Sherel Floranus,800000.0
Godfried Roemeratoe,393241,Godfried Roemeratoe,350000.0
Juninho Gracielo Bacuna,348863,Juninho Bacuna,1700000.0
Livano Shyron Liomar Comenencia,626764,Livano Comenencia,500000.0
Jürgen Leonardo Locadia,166240,Jürgen Locadia,200000.0
Leandro Jones Johan Bacuna,126014,Leandro Bacuna,250000.0
Jeremy Cornelis Jacobus Antonisse,594273,Jeremy Antonisse,800000.0
Juniffer Naigelino Hansen,485582,Sontje Hansen,3500000.0
Kenji Joël Gorre,374889,Kenji Gorré,600000.0
Jainel Archenir Martha,572519,Ar'jany Martha,700000.0
Jearl Erwin Margaritha,538958,Jearl Margaritha,1000000.0
Brandley Mack-Olien Kuwas,232219,Brandley Kuwas,250000.0
Armando Maria Obispo,339337,Armando Obispo,4000000.0
Gervane Zjandric Adonnis Kastaneer,240752,Gervane Kastaneer,225000.0
Joshua Benjamin Brenet,207006,Joshua Brenet,1000000.0
Tahith Jose Girigorio Djorkaef Chong,344830,Tahith Chong,3500000.0
Kevin Antonio Felida,433933,Kevin Felida,400000.0
Riechedly Guillermo Bazoer,216443,Riechedly Bazoer,1500000.0
Trevor Irving Doornbusch,390814,Trevor Doornbusch,50000.0
Yahia Fofana,418651,Yahia Fofana,5000000.0
Ousmane Diomande,974982,Ousmane Diomande,42000000.0
Jean Michael Seri,178614,Jean Michaël Seri,100000.0
Wilfried Stephane Singo,648779,Wilfried Singo,23000000.0
Seko Mohamed Fofana,182893,Seko Fofana,8000000.0
Franck Yannick Kessie,294808,Franck Kessié,12000000.0
Simon Adingra,658536,Simon Adingra,22000000.0
Yan Diomande,1390649,Yan Diomande,90000000.0
Elye Delmas Wahi,659542,Elye Wahi,18000000.0
Christopher Tea Domoraud Operi,469976,Christopher Operi,4000000.0
Oumar Diakite,847279,Oumar Diakité,5000000.0
Amad Diallo,536835,Amad Diallo,45000000.0
Mohamed Kone,911985,Mohamed Koné,2000000.0
Ibrahim Sangare,375885,Ibrahim Sangaré,20000000.0
Nicolas Pepe,343052,Nicolas Pépé,6000000.0
Emmanuel Elysee Djedje Agbadou,683895,Emmanuel Agbadou,16000000.0
Obite Evan Ndicka,371149,Evan Ndicka,35000000.0
Evann Ludovic Vidjannagni Guessand,500689,Evann Guessand,25000000.0
Alban-Marc Lafont,357117,Alban Lafont,3000000.0
Bazoumana Toure,1067904,Bazoumana Touré,40000000.0
Parfait Guiagon,624913,Parfait Guiagon,5000000.0
Christ Ravynel Inao Oulai,1279526,Christ Inao Oulaï,23000000.0
Hernán Ismael Galindez,77127,Hernán Galíndez,300000.0
Félix Eduardo Torres,468174,Félix Torres,1000000.0
Piero Martin Hincapie,659813,Piero Hincapié,50000000.0
Joel Leandro Ordonez,893661,Joel Ordóñez,33000000.0
Jordy Jose Alcivar,598145,Jordy Alcívar,2000000.0
Willian Joel Pacho,661171,Willian Pacho,80000000.0
Pervis Josue Estupinan,349599,Pervis Estupiñán,12000000.0
Anthony Lenin Valencia,974374,Anthony Valencia,1800000.0
John Yeboah,439914,John Yeboah,5500000.0
Ray Kendry Paez,1052439,Kendry Páez,8000000.0
Kevin Jose Rodriguez,684159,Kevin Rodríguez,6000000.0
Wellington Moisés Ramirez,450233,Moisés Ramírez,800000.0
Enner Remberto Valencia,139503,Enner Valencia,1000000.0
Alan Steve Minda,897051,Alan Minda,3000000.0
Pedro Jeampierre Vite,659806,Pedro Vite,6000000.0
Jordy Josue Caicedo,360412,Jordy Caicedo,2000000.0
Ángelo Smit Preciado,450241,Angelo Preciado,3500000.0
Denil Daniel Castillo,941418,Denil Castillo,7000000.0
Gonzalo Jordy Plata,592735,Gonzalo Plata,9000000.0
Nilson David Angulo,903611,Nilson Angulo,17000000.0
Alan Steven Franco,400960,Alan Franco,4500000.0
Gonzalo Roberto Valle,351941,Gonzalo Valle,1800000.0
Moisés Isaac Caicedo,687626,Moisés Caicedo,100000000.0
Jeremy Alberto Arevalo,971663,Jeremy Arévalo,7000000.0
Jackson Gabriel Porozo,491616,Jackson Porozo,2500000.0
Yaimar Abel Medina,893659,Yaimar Medina,4000000.0
Bart Verbruggen,565093,Bart Verbruggen,40000000.0
Lutsharel Emiliano Geertruida,420210,Lutsharel Geertruida,20000000.0
Marten Elco De Roon,133179,Marten de Roon,3200000.0
Virgil Van Dijk,139208,Virgil van Dijk,15000000.0
Nathan Benjamin Ake,177476,Nathan Aké,12000000.0
Justin Dean Kluivert,330659,Justin Kluivert,25000000.0
Ryan Jiro Gravenberch,478573,Ryan Gravenberch,80000000.0
Wout François Maria Weghorst,228645,Wout Weghorst,2000000.0
Memphis Depay,167850,Memphis Depay,7000000.0
Cody Mathès Gakpo,434675,Cody Gakpo,60000000.0
Tijjani Martinus Jan Reijnders,460939,Tijjani Reijnders,50000000.0
Micky Van De Ven,557459,Micky van de Ven,50000000.0
Guus Berend Til,372267,Guus Til,15000000.0
Noa Noëll Lang,339332,Noa Lang,22000000.0
Donyell Malen,326029,Donyell Malen,45000000.0
Brian Ebenezer Adjei Brobbey,473169,Brian Brobbey,30000000.0
Teun Koopmeiners,360518,Teun Koopmeiners,14000000.0
Frenkie De Jong,326330,Frenkie de Jong,35000000.0
Denzel Justus Morris Dumfries,321528,Denzel Dumfries,25000000.0
Mark Maria Hubertus Flekken,125714,Mark Flekken,6000000.0
Jorrel Evan Hato,904802,Jorrel Hato,40000000.0
Quinten Ryan Crispito Timber,420213,Quinten Timber,25000000.0
Zion Suzuki,432298,Zion Suzuki,20000000.0
Yukinari Sugawara,405385,Yukinari Sugawara,5500000.0
Shogo Taniguchi,307870,Shogo Taniguchi,750000.0
Yuto Nagatomo,79522,Yuto Nagatomo,100000.0
Shuto Machino,550580,Shuto Machino,4000000.0
Ao Tanaka,489359,Ao Tanaka,13000000.0
Takefusa Kubo,405398,Takefusa Kubo,20000000.0
Keisuke Goto,916623,Keisuke Goto,10000000.0
Ritsu Doan,358504,Ritsu Doan,17000000.0
Daizen Maeda,420931,Daizen Maeda,13000000.0
Keisuke Osako,415521,Keisuke Osako,2000000.0
Keito Nakamura,405397,Keito Nakamura,10000000.0
Junya Ito,348791,Junya Ito,3000000.0
Daichi Kamada,356141,Daichi Kamada,10000000.0
Tsuyoshi Watanabe,598791,Tsuyoshi Watanabe,10000000.0
Yuito Suzuki,668606,Yuito Suzuki,24000000.0
Ayase Ueda,589128,Ayase Ueda,17000000.0
Koki Ogawa,351567,Koki Ogawa,2000000.0
Ayumu Seko,405389,Ayumu Seko,5000000.0
Hiroki Ito,353892,Hiroki Ito,18000000.0
Takehiro Tomiyasu,331560,Takehiro Tomiyasu,5000000.0
Tomoki Hayakawa,683271,Tomoki Hayakawa,2000000.0
Kaishu Sano,643574,Kaishu Sano,40000000.0
Junnosuke Suzuki,848856,Junnosuke Suzuki,3500000.0
Kento Shiogai,1144627,Kento Shiogai,8000000.0
Jacob Mikael Widell Zetterstrom,549440,Jacob Widell Zetterström,2500000.0
Gustaf Johan Lagerbielke,485395,Gustaf Lagerbielke,10000000.0
Isak Malcolm Kwaku Hien,503075,Isak Hien,22000000.0
Gabriel Johan Gudmundsson,362108,Gabriel Gudmundsson,20000000.0
Herman Nils Johansson,744853,Herman Johansson,1800000.0
Lucas Erik Holger Bergvall,866246,Lucas Bergvall,35000000.0
Daniel Jonathan Svensson,579287,Daniel Svensson,22000000.0
Alexander Isak,349066,Alexander Isak,85000000.0
Erik Benjamin Nygren,475949,Benjamin Nygren,14000000.0
Anthony David Junior Elanga,583189,Anthony Elanga,32000000.0
Ken Sema,252345,Ken Sema,800000.0
Hjalmar Ekdal,392179,Hjalmar Ekdal,5000000.0
Carl Anders Theodor Starfelt,258987,Carl Starfelt,4500000.0
Viktor Einar Gyokeres,325443,Viktor Gyökeres,65000000.0
Yasin Ayari,667287,Yasin Ayari,35000000.0
Mattias Olof Svanberg,342405,Mattias Svanberg,8000000.0
Eric Anders Smith,292534,Eric Smith,5000000.0
Alexander Olof Bernhardsson,633454,Alexander Bernhardsson,3000000.0
Besfort Zeneli,715653,Besfort Zeneli,6000000.0
Bo Kristoffer Nordfeldt,75890,Kristoffer Nordfeldt,175000.0
Elliot Karl Stroud,687622,Elliot Stroud,8000000.0
Håkan Gustaf Nilsson,320440,Gustaf Nilsson,1800000.0
Taha Abdi Ali,731771,Taha Ali,1500000.0
Abdelmouhib Chamakh,584250,Abdelmouhib Chamakh,800000.0
Ali Abdi,211474,Ali Abdi,2000000.0
Omar Rekik,578292,Omar Rekik,500000.0
Dylan Daniel Mahmoud Bronn,450417,Dylan Bronn,600000.0
Elias Saad,526466,Elias Saad,2000000.0
Hazem Mastouri,953150,Hazem Mastouri,900000.0
Hannibal Mejbri,607224,Hannibal,15000000.0
Ismael Seifallah Gharbi,810096,Ismaël Gharbi,5000000.0
Ahmed Mortadha Ben Ouanes,230921,Mortadha Ben Ouanes,1500000.0
Rani Khedira,124410,Rani Khedira,2000000.0
Khalil Ayari,1198342,Khalil Ayari,1000000.0
Aymen Dahmen,569433,Aymen Dahmen,800000.0
Rayan Elloumi,1273985,Rayan Elloumi,800000.0
Firas Chaouat,402087,Firas Chaouat,1200000.0
Yan Valery,406008,Yan Valery,1500000.0
Sabri Ben Hessen,295381,Sabri Ben Hessen,550000.0
Moutaz Neffati,1034598,Moutaz Neffati,1200000.0
Raed Chikhaoui,1075790,Raed Chikhaoui,600000.0
Anis Slimane,546712,Anis Ben Slimane,4000000.0
Sebastian Tounekti,539677,Sebastian Tounekti,5000000.0
Zeno Koen Debast,548193,Zeno Debast,28000000.0
Arthur Nicolas Theate,368891,Arthur Theate,17000000.0
Kevin De Bruyne,88755,Kevin De Bruyne,8000000.0
Romelu Lukaku,96341,Romelu Lukaku,6000000.0
Leandro Trossard,144028,Leandro Trossard,18000000.0
Jeremy Baffour Doku,486049,Jérémy Doku,75000000.0
Senne Lammens,503883,Senne Lammens,35000000.0
Mike Louis Penders,834397,Mike Penders,25000000.0
Dodi Lukebakio,303259,Dodi Lukébakio,15000000.0
Koni De Winter,490384,Koni De Winter,23000000.0
Hans Vanaken,137576,Hans Vanaken,5000000.0
Timothy Castagne,262226,Timothy Castagne,8000000.0
Nicolas Thierry Raskin,422763,Nicolas Raskin,12000000.0
Nathan Ngoy,548254,Nathan Ngoy,25000000.0
Matias Fernandez-Pardo,724129,Matias Fernandez-Pardo,35000000.0
Saleh Hardani,697155,Saleh Hardani,800000.0
Ehsan Hajisafi,77547,Ehsan Hajsafi,250000.0
Milad Mohammadi,333355,Milad Mohammadi,900000.0
Alireza Jahanbakhsh,213268,Alireza Jahanbakhsh,500000.0
Mohammad Mohebbi,603149,Mohammad Mohebi,2500000.0
Mehdi Taremi,307058,Mehdi Taremi,2000000.0
Mehdi Ghayedi,478192,Mehdi Ghayedi,4500000.0
Ali Alipour,249360,Ali Alipour,1700000.0
Mohammadhossein Kanani,249400,Hossein Kanaani,1600000.0
Roozbeh Cheshmi,273879,Roozbeh Cheshmi,450000.0
Mahdi Torabi,283833,Mehdi Torabi,1200000.0
Arya Yousefi,932724,Arya Yousefi,1500000.0
Amirhossein Hosseinzadeh,542380,Amirhossein Hosseinzadeh,2200000.0
Ali Nemati,389238,Mohammadali Nemati,
Mohammad Ghorbani,856087,Mohammad Ghorbani,1200000.0
Ramin Rezaeian,188312,Ramin Rezaeian,250000.0
Dennis Dargahi,249303,Dennis Eckert Ayensa,2000000.0
Danial Iri,1080301,Danial Eiri,1000000.0
Amirmohammad Razaghinia,1051591,Amirmohammad Razzaghinia,1200000.0
Maxime Teremoana Crocombe,207843,Max Crocombe,1000000.0
Timothy John Payne,149901,Tim Payne,350000.0
Francis De Vries,207061,Francis de Vries,600000.0
Tyler Grant Bindon,1007720,Tyler Bindon,3500000.0
Michael Joseph Boxall,81723,Michael Boxall,150000.0
Joe Zen Robert Bell,345700,Joe Bell,3500000.0
Logan Tipene Rogerson,312317,Logan Rogerson,400000.0
Marko Seufatu Nikola Stamenic,617018,Marko Stamenić,3000000.0
Christopher Grant Wood,108725,Chris Wood,5000000.0
Sarpreet Singh,350357,Sarpreet Singh,500000.0
Elijah Henry Just,485672,Elijah Just,2500000.0
Alexander Noah Paulsen,617009,Alex Paulsen,500000.0
Liberato Gianpaolo Cacace,469211,Liberato Cacace,2500000.0
Alex Arthur Rufer,256019,Alex Rufer,600000.0
Nando Zen Pijnaker,455425,Nando Pijnaker,400000.0
Finn Surman,724809,Finn Surman,1800000.0
Kosta Barbarouses,50200,Kosta Barbarouses,300000.0
Benjamin Peter Waine,539502,Ben Waine,400000.0
Benjamin Craig Old,617021,Ben Old,1800000.0
Jesse Carmichael Randall,677509,Jesse Randall,900000.0
Michael Cornelis Woud,350347,Michael Woud,400000.0
Ryan Jared Thomas,203357,Ryan Thomas,650000.0
Callan Rennie Elliot,482204,Callan Elliot,450000.0
Lachlan Ryan Bayliss,1109358,Lachlan Bayliss,550000.0
Thomas Jefferson Smith,54381,Tommy Smith,50000.0
David Raya,262749,David Raya,30000000.0
Marc Pubill,844637,Marc Pubill,35000000.0
Alejandro Grimaldo,193082,Alejandro Grimaldo,20000000.0
Eric Garcia,466794,Eric García,40000000.0
Marcos Llorente,282411,Marcos Llorente,20000000.0
Mikel Merino,338424,Mikel Merino,25000000.0
Ferran Torres,398184,Ferran Torres,50000000.0
Fabian Ruiz,350219,Fabián Ruiz,30000000.0
Pablo Gavi,646740,Gavi,30000000.0
Daniel Olmo,293385,Dani Olmo,60000000.0
Yeremy Jesús Pino,568157,Yéremy Pino,30000000.0
Pedro Antonio Porro,553875,Pedro Porro,35000000.0
Joan Garcia,561613,Joan García,45000000.0
Aymeric Laporte,176553,Aymeric Laporte,8000000.0
Alejandro Baena,548111,Álex Baena,40000000.0
Rodrigo Rodri,537928,Rodrigo Rodrigues,700000.0
Nicholas Williams,709187,Nico Williams,40000000.0
Martin Zubimendi,423440,Martín Zubimendi,75000000.0
Mikel Oyarzabal,351478,Mikel Oyarzabal,25000000.0
Pau Cubarsi,962110,Pau Cubarsí,80000000.0
Unai Simon,262396,Unai Simón,22000000.0
Marc Cucurella,284857,Marc Cucurella,50000000.0
Victor Munoz,935231,Víctor Muñoz,30000000.0
Borja Iglesias,278359,Borja Iglesias,2800000.0
Khalid Saleh,227897,Khalid Saleh Hussain Al-Qahtani,
Ibrahim Mohamed,1407691,Ashham Ibrahim Mohamed,
Sergio Ramón Rochet,264014,Sergio Rochet,1800000.0
José María Gimenez,250845,José María Giménez,9000000.0
Sebastián Enzo Caceres,532389,Sebastián Cáceres,4500000.0
Ronald Federico Araujo,480267,Ronald Araujo,20000000.0
Manuel Ugarte,476701,Manuel Ugarte,25000000.0
Rodrigo Bentancur,354362,Rodrigo Bentancur,20000000.0
Diego Nicolás De La Cruz,397458,Nicolás de la Cruz,8000000.0
Federico Santiago Valverde,369081,Federico Valverde,90000000.0
Darwin Gabriel Nunez,546543,Darwin Núñez,20000000.0
Giorgian Daniel De Arrascaeta,248410,Giorgian de Arrascaeta,14000000.0
Facundo Pellistri,676318,Facundo Pellistri,5000000.0
Santiago Andres Mele,320739,Santiago Mele,2000000.0
Guillermo Varela,188862,Guillermo Varela,1000000.0
Agustin Canobbio,457533,Agustín Canobbio,8000000.0
Emiliano Martinez,111873,Emiliano Martínez,12000000.0
Mathías Olivera,376514,Mathías Olivera,15000000.0
Matías Nicolas Vina,439072,Matías Viña,3500000.0
Paul Brian Rodriguez,465818,Brian Rodríguez,8000000.0
Rodrigo Sebastian Aguirre,189410,Rodrigo Aguirre,2300000.0
Maximiliano Javier Araujo,572675,Maxi Araújo,35000000.0
Federico Sebastian Vinas,578419,Federico Viñas,4000000.0
Joaquin Piquerez,496268,Joaquín Piquerez,12000000.0
Nestor Fernando Muslera,58088,Fernando Muslera,700000.0
Santiago Ignacio Bueno,438001,Santiago Bueno,10000000.0
Juan Manuel Sanabria,446106,Juan Manuel Sanabria,4000000.0
Brice Lauriche Samba,191056,Brice Samba,7000000.0
Malo Arthur Gusto,620322,Malo Gusto,35000000.0
Lucas Digne,126664,Lucas Digne,6000000.0
Dayotchanculle Oswald Upamecano,344695,Dayot Upamecano,70000000.0
Jules Olivier Kounde,411975,Jules Koundé,60000000.0
Emmanuel Boris Kone,624690,Manu Koné,50000000.0
Masour Ousmane Dembele,288230,Ousmane Dembélé,100000000.0
Aurélien Djani Tchouameni,413112,Aurélien Tchouaméni,70000000.0
Marcus Lilian Thuram,318528,Marcus Thuram,50000000.0
Kylian Mbappe,342229,Kylian Mbappé,180000000.0
Michael Akpovie Olise,566723,Michael Olise,150000000.0
N'golo Kante,225083,N'Golo Kanté,4000000.0
Ibrahima Konate,357119,Ibrahima Konaté,45000000.0
Mike Peterson Maignan,182906,Mike Maignan,20000000.0
William Alain André Gabriel Saliba,495666,William Saliba,100000000.0
Warren Marie Jean-Pierre Zaire-Emery,810092,Warren Zaïre-Emery,80000000.0
Théo Bernard François Hernandez,339808,Theo Hernández,20000000.0
Désiré Nonka-Maho Doue,914562,Désiré Doué,120000000.0
Lucas Francois Bernard Hernandez,281963,Lucas Hernández,18000000.0
Jean-Philippe Mateta,420002,Jean-Philippe Mateta,30000000.0
Robin François Philippe Risser,743515,Robin Risser,30000000.0
Mathis Rayan Cherki,607223,Rayan Cherki,90000000.0
Maghnes Akliouche,745200,Maghnes Akliouche,50000000.0
Yehvann Djibril Victor Diouf,448632,Yehvann Diouf,7000000.0
Mamadou Sarr,910905,Mamadou Sarr,22000000.0
Kalidou Koulibaly,93128,Kalidou Koulibaly,4500000.0
Abdoulaye Seck,265383,Abdoulaye Seck,400000.0
Idrissa Gana Gueye,126665,Idrissa Gueye,500000.0
Assane Diao,1061282,Assane Diao,30000000.0
Lamine Camara,918969,Lamine Camara,40000000.0
Ahmadou Bamba Mbacke Dieng,822458,Bamba Dieng,15000000.0
Sadio Mane,200512,Sadio Mané,6000000.0
Nicolas Jackson,776890,Nicolas Jackson,40000000.0
Pape Cherif Ndiaye,480705,Cherif Ndiaye,5000000.0
Iliman Cheikh Baroy Ndiaye,623570,Iliman Ndiaye,55000000.0
Ismail Joshua Jakobs,375137,Ismail Jakobs,8000000.0
Krepin Diatta,490426,Krépin Diatta,6000000.0
Edouard Osoque Mendy,442531,Edouard Mendy,4000000.0
Pape Matar Sarr,568693,Pape Matar Sarr,30000000.0
Ismaila Sarr,410225,Ismaïla Sarr,40000000.0
Moussa Niakhate,291200,Moussa Niakhaté,15000000.0
Ibrahim Mbaye,1185888,Ibrahim Mbaye,30000000.0
Bara Sapoko Ndiaye,1497653,Bara Sapoko Ndiaye,4000000.0
Mory Diaw,164904,Mory Diaw,900000.0
Antoine Alpha Mendy,891998,Antoine Mendy,10000000.0
El Hadji Malick Diouf,1111589,El Hadji Malick Diouf,28000000.0
Pape Alassane Gueye,485963,Pape Gueye,40000000.0
Ørjan Haskjold Nyland,73517,Ørjan Nyland,800000.0
Morten Thorsby,226524,Morten Thorsby,2800000.0
Kristoffer Vassbakk Köpp Ajer,328658,Kristoffer Ajer,18000000.0
Leo Skiri Ostigard,367284,Leo Østigård,13000000.0
Patrick Berg,308439,Patrick Berg,8000000.0
Alexander Sorloth,238407,Alexander Sørloth,18000000.0
Sander Gard Bolin Berge,333014,Sander Berge,25000000.0
Erling Braut Haaland,418560,Erling Haaland,200000000.0
Martín Odegaard,316264,Martin Ødegaard,65000000.0
Sander Tangvik,549378,Sander Tangvik,3000000.0
Egil Selvik,380744,Egil Selvik,1500000.0
Fredrik Aursnes,223367,Fredrik Aursnes,15000000.0
Fredrik André Bjorkan,364938,Fredrik Bjørkan,3500000.0
Torbjørn Lysaker Heggem,464469,Torbjørn Heggem,13000000.0
Kristian Thorstvedt,564785,Kristian Thorstvedt,12000000.0
Thelonious Gerard Aasgaard,647384,Thelo Aasgaard,2800000.0
Antonio Eromonsele Nordby Nusa,894914,Antonio Nusa,32000000.0
Oscar Bobb,661207,Oscar Bobb,28000000.0
Jens Petter Hauge,422355,Jens Petter Hauge,12000000.0
Sondre Klingen Langas,737837,Sondre Langås,4000000.0
Julian Ryerson,370789,Julian Ryerson,25000000.0
Juan Agustín Musso,242359,Juan Musso,3000000.0
Marcos Nicolás Senesi,469781,Marcos Senesi,25000000.0
Nicolás Alejandro Tagliafico,131225,Nicolás Tagliafico,4000000.0
Gonzalo Ariel Montiel,402733,Gonzalo Montiel,4500000.0
Leandro Daniel Paredes,166237,Leandro Paredes,5000000.0
Lisandro Martinez,480762,Lisandro Martínez,40000000.0
Rodrigo Javier De Paul,255901,Rodrigo De Paul,14000000.0
Valentin Barco,849410,Valentín Barco,40000000.0
Julián Alvarez,576024,Julián Alvarez,100000000.0
Lionel Andrés Messi,28003,Lionel Messi,15000000.0
Giovani Lo Celso,348795,Giovani Lo Celso,8000000.0
Geronimo Rulli,229604,Gerónimo Rulli,6000000.0
Cristian Gabriel Romero,355915,Cristian Romero,45000000.0
Exequiel Alejandro Palacios,401578,Exequiel Palacios,25000000.0
Nicolas Ivan Gonzalez,486031,Nico González,22000000.0
Thiago Ezequiel Almada,576028,Thiago Almada,15000000.0
Giuliano Simeone,742201,Giuliano Simeone,40000000.0
Nicolas Paz,948294,Nico Paz,80000000.0
Nicolas Hernan Gonzalo Otamendi,54781,Nicolás Otamendi,1000000.0
Alexis Mac Allister,534033,Alexis Mac Allister,70000000.0
Jose Manuel Alberto Lopez,844797,Flaco López,25000000.0
Lautaro Javier Martinez,406625,Lautaro Martínez,85000000.0
Damián Emiliano Martinez,111873,Emiliano Martínez,12000000.0
Enzo Jeremías Fernandez,648195,Enzo Fernández,90000000.0
Facundo Axel Medina,474800,Facundo Medina,18000000.0
Nahuel Molina,424042,Nahuel Molina,15000000.0
Melvin Feycal Mastil,534398,Melvin Mastil,250000.0
Aissa Mandi,80293,Aïssa Mandi,1000000.0
Achref Abada,949929,Achref Abada,1000000.0
Mohamed Amine Tougai,592396,Mohamed Amine Tougai,1300000.0
Zineddine Belaid,625142,Zineddine Belaid,1800000.0
Ramiz Larbi Zerrouki,416660,Ramiz Zerrouki,6500000.0
Amine Ferid Gouiri,418659,Amine Gouiri,28000000.0
Fares Chaibi,855015,Farès Chaïbi,15000000.0
Anis Hadj Moussa,917911,Anis Hadj Moussa,23000000.0
Ahmed Nadhir Benbouali,840254,Nadhir Benbouali,1200000.0
Hicham Boudaoui,560593,Hicham Boudaoui,12000000.0
Rayan Ait-Nouri,578391,Rayan Aït-Nouri,40000000.0
Oussama Benbot,437982,Oussama Benbout,850000.0
Rafik Belghali,864306,Rafik Belghali,7000000.0
Nabil Bentaleb,245537,Nabil Bentaleb,4500000.0
Adil Boulbina,748443,Adil Boulbina,3000000.0
Ibrahim Maza,905011,Ibrahim Maza,45000000.0
Luca Zinedine Zidane,283489,Luca Zidane,1000000.0
Yassine Titraoui,748445,Yassine Titraoui,7000000.0
Fares Ghedjemis,888738,Farès Ghedjemis,7500000.0
Samir Sophian Chergui,668167,Samir Chergui,3000000.0
Alexander Schlager,186374,Alexander Schlager,2000000.0
David Leopold Affengruber,452483,David Affengruber,20000000.0
Kevin Danso,263236,Kevin Danso,20000000.0
Xaver Schlager,223979,Xaver Schlager,10000000.0
Stefan Posch,223974,Stefan Posch,6000000.0
Nicolas Seiwald,404950,Nicolas Seiwald,25000000.0
Marko Arnautovic,41384,Marko Arnautovic,2000000.0
David Alaba,59016,David Alaba,3000000.0
Marcel Sabitzer,106987,Marcel Sabitzer,6000000.0
Florian Grillitsch,195736,Florian Grillitsch,2500000.0
Michael Gregoritsch,120205,Michael Gregoritsch,1500000.0
Florian Wiegele,393999,Florian Wiegele,2200000.0
Patrick Pentz,223972,Patrick Pentz,2200000.0
Saša Kalajdzic,369567,Sasa Kalajdzic,4000000.0
Philipp Lienhart,225657,Philipp Lienhart,10000000.0
Carney Chibueze Chukwuemeka,659459,Carney Chukwuemeka,20000000.0
Romano Schmid,346853,Romano Schmid,15000000.0
Dejan Ljubicic,287188,Dejan Ljubicic,3000000.0
Konrad Laimer,223967,Konrad Laimer,32000000.0
Patrick Wimmer,533295,Patrick Wimmer,12000000.0
Alexander Prass,434116,Alexander Prass,9000000.0
Marco Friedl,156990,Marco Friedl,10000000.0
Paul Wanner,900909,Paul Wanner,22000000.0
Michael Svoboda,438961,Michael Svoboda,3500000.0
Luiz Matheus,252031,Luiz Matheus,
Miguel Bruno,864384,Miguel Bruno,
Tiago Rui Silva,1262870,Santiago Fernandes,
Axel Tuanzebe,342046,Axel Tuanzebe,5000000.0
Nathanaël Mbuku,557614,Nathanaël Mbuku,2000000.0
Gaël Roméo Kakuta,74297,Gaël Kakuta,
Joris Kayembe,129586,Joris Kayembe,2000000.0
Noah Junior Sadiki,727089,Noah Sadiki,35000000.0
Timothy Bruce Munzoko Fayulu,541420,Timothy Fayulu,800000.0
Cedric Bakambu,127048,Cédric Bakambu,1200000.0
Charles Monginda Pickel,243879,Charles Pickel,2500000.0
Yoane Wissa,388165,Yoane Wissa,25000000.0
Matthieu Luka Epolo,680218,Matthieu Epolo,8000000.0
Simon Bokote Banza,344869,Simon Banza,10000000.0
Edo Kayembe Kayembe,486477,Edo Kayembe,4000000.0
Utkir Yusupov,311958,Utkir Yusupov,500000.0
Abdukodir Khusanov,763079,Abdukodir Khusanov,50000000.0
Farrukh Sayfiev,212499,Farrukh Sayfiev,225000.0
Rustamjon Ashurmatov,288883,Rustam Ashurmatov,750000.0
Akmal Mozgovoy,562022,Akmal Mozgovoy,1400000.0
Otabek Shukurov,294525,Otabek Shukurov,1500000.0
Jamshid Iskanderov,260857,Jamshid Iskanderov,1000000.0
Odiljon Xamrobekov,288915,Odildzhon Khamrobekov,1000000.0
Ruslanbek Jiyanov,754040,Ruslanbek Jiyanov,800000.0
Oston Urunov,492556,Oston Urunov,2000000.0
Sherzod Nasrullaev,608537,Sherzod Nasrullaev,1200000.0
Eldor Shomurodov,358166,Eldor Shomurodov,7000000.0
Botirali Ergashev,312690,Botirali Ergashev,500000.0
Dostonbek Khamdamov,294502,Dostonbek Khamdamov,900000.0
Abdulla Abdullaev,709479,Abdulla Abdullaev,
Azizjon Ganiev,431911,Aziz Ganiev,2000000.0
Igor Sergeev,185372,Igor Sergeev,1200000.0
Abbosbek Fayzullaev,754037,Abbosbek Fayzullaev,7000000.0
Sherzod Esanov,989068,Sherzod Esanov,450000.0
Jakhongir Urozov,989069,Jakhongir Urozov,600000.0
David Ospina,73396,David Ospina,100000.0
Daniel Munoz,493003,Daniel Muñoz,22000000.0
Jhon Janer Lucumi,413565,Jhon Lucumí,22000000.0
Santiago Arias,120443,Santiago Arias,1200000.0
Kevin Duvan Castano,857948,Kevin Castaño,5000000.0
Richard Rios,735573,Richard Ríos,25000000.0
Luis Fernando Diaz,480692,Luis Díaz,70000000.0
Jorge Andres Carrascal,354145,Jorge Carrascal,13000000.0
Jhon Andrés Cordoba,185245,Jhon Córdoba,10000000.0
James David Rodriguez,88103,James Rodríguez,1500000.0
Jhon Adolfo Arias,588989,Jhon Arias,15000000.0
Camilo Andres Vargas,74113,Camilo Vargas,450000.0
Yerry Fernando Mina,289446,Yerry Mina,2500000.0
Gustavo Adolfo Puerta,936981,Gustavo Puerta,10000000.0
Juan Camilo Portilla,585747,Juan Portilla,5000000.0
Jefferson Andrés Lerma,262980,Jefferson Lerma,6000000.0
Johan Andrés Mojica,262939,Johan Mojica,1500000.0
Willer Emilio Ditta,609255,Willer Ditta,5500000.0
Juan Camilo Hernandez,459463,Cucho Hernández,18000000.0
Juan Fernando Quintero,122582,Juan Fernando Quintero,1800000.0
Jaminton Leandro Campaz,491553,Jáminton Campaz,5500000.0
Deiver Machado,332560,Deiver Machado,1800000.0
Davinson Sanchez,341429,Davinson Sánchez,16000000.0
Álvaro David Montero,292985,Álvaro Montero,2500000.0
Luis Javier Suarez,424784,Luis Suárez,30000000.0
Carlos Andrés Gomez,957461,Andrés Gómez,11000000.0
Jordan Lee Pickford,130164,Jordan Pickford,13000000.0
Nico Oreilly,743413,Nico O'Reilly,70000000.0
Declan Rice,357662,Declan Rice,120000000.0
John Stones,186590,John Stones,12000000.0
Elliot Junior Anderson,567576,Elliot Anderson,75000000.0
Harry Edward Kane,132098,Harry Kane,60000000.0
Jude Victor William Bellingham,581678,Jude Bellingham,130000000.0
Marcus Rashford,258923,Marcus Rashford,40000000.0
Dean Bradley Henderson,258919,Dean Henderson,28000000.0
Jordan Brian Henderson,61651,Jordan Henderson,1200000.0
Daniel Johnson Burn,134270,Dan Burn,4000000.0
Kobbie Boateng Mainoo,820374,Kobbie Mainoo,70000000.0
Morgan Elliot Rogers,503743,Morgan Rogers,90000000.0
Anthony Michael Gordon,503733,Anthony Gordon,65000000.0
George Arthur Watkins,324358,Ollie Watkins,25000000.0
Azuka Tristan Madueke,503987,Noni Madueke,50000000.0
Eberechi Oluchi Eze,479999,Eberechi Eze,65000000.0
Ivan Benjamin Elijah Toney,251664,Ivan Toney,20000000.0
James Harrington Trafford,566799,James Trafford,25000000.0
Reece Lewis James,472423,Reece James,60000000.0
Tehuti Djed-Hotep Spence,483348,Djed Spence,30000000.0
Jarell Amorin Quansah,632349,Jarell Quansah,45000000.0
Dominik Livakovic,205927,Dominik Livakovic,4000000.0
Josip Stanisic,483046,Josip Stanisic,40000000.0
Marin Pongracic,282144,Marin Pongracic,6500000.0
Joško Gvardiol,475959,Josko Gvardiol,70000000.0
Duje Caleta-Car,238266,Duje Caleta-Car,2800000.0
Josip Sutalo,371001,Josip Sutalo,12000000.0
Nikola Moro,316934,Nikola Moro,7000000.0
Mateo Kovacic,51471,Mateo Kovacic,10000000.0
Andrej Kramaric,46580,Andrej Kramaric,2500000.0
Luka Modric,27992,Luka Modrić,3500000.0
Ante Budimir,46413,Ante Budimir,2800000.0
Ivor Pandur,371013,Ivor Pandur,4500000.0
Nikola Vlasic,293200,Nikola Vlašić,10000000.0
Ivan Perisic,42460,Ivan Perišić,1200000.0
Mario Pasalic,205938,Mario Pašalić,6000000.0
Martin Baturina,580451,Martin Baturina,30000000.0
Petar Sucic,668207,Petar Sučić,40000000.0
Kristijan Jakic,374954,Kristijan Jakic,6000000.0
Toni Fruk,432758,Toni Fruk,9000000.0
Igor Matanovic,605268,Igor Matanovic,22000000.0
Luka Sucic,502722,Luka Sucic,10000000.0
Luka Vuskovic,892160,Luka Vuskovic,60000000.0
Dominik Kotarski,370997,Dominik Kotarski,5000000.0
Marco Pasalic,395928,Marco Pašalić,6500000.0
Martin Erlic,357003,Martin Erlić,4000000.0
Petar Musa,387110,Petar Musa,12000000.0
Lawrence Ati Zigi,254285,Lawrence Ati Zigi,1500000.0
Alidu Seidu,798404,Alidu Seidu,6000000.0
Caleb Marfo Yirenkyi,1240763,Caleb Yirenkyi,10000000.0
Jonas Adjei Adjetey,734676,Jonas Adjetey,6000000.0
Thomas Teye Partey,230784,Thomas Partey,2000000.0
Kwasi Sibo,538006,Kwasi Sibo,1400000.0
Jordan Pierre Ayew,108354,Jordan Ayew,1000000.0
Antoine Serlom Semenyo,583255,Antoine Semenyo,80000000.0
Joseph Tetteh Anang,576099,Joseph Anang,350000.0
Gideon Mensah,397171,Gideon Mensah,4000000.0
Elisha Owusu,395695,Elisha Owusu,4000000.0
Benjamin Asare,263160,Benjamin Winnersbach,
Jerome Opoku,408563,Jerome Opoku,5000000.0
Inaki Williams,255508,Iñaki Williams,8000000.0
Augustine Boakye,579263,Augustine Boakye,6000000.0
Kojo Peprah Oppong,1113451,Kojo Peprah Oppong,10000000.0
Derrick Luckassen,241457,Derrick Luckassen,1000000.0
Prince Kwabena Adu,734799,Prince Adu,3000000.0
Luis Ricardo Mejia,76715,Luis Mejía,150000.0
Cesar Rodolfo Blackman,440383,César Blackman,2500000.0
Jose Angel Cordoba,698415,José Córdoba,5000000.0
Fidel Escobar,345716,Fidel Escobar,350000.0
Edgardo Issac Farina,923177,Edgardo Fariña,900000.0
Cristian Jesus Martinez,419247,Cristian Martínez,800000.0
Jose Luis Rodriguez,253946,José Luis Loreto,
Adalberto Eliecer Carrasquilla,375300,Adalberto Carrasquilla,4000000.0
Tomas Abdiel Rodriguez,569205,Tomás Rodríguez,1000000.0
Ismael Diaz,243298,Ismael Díaz,1800000.0
Edgar Yoel Barcenas,283473,Yoel Bárcenas,650000.0
Cesar Jair Samudio,865550,César Samudio,250000.0
Jiovany Javier Ramos,403809,Jiovany Ramos,450000.0
Carlos Miguel Harvey,628806,Carlos Harvey,600000.0
Eric Javier Davis,121791,Éric Davis,50000.0
Andres Alberto Andrade,403808,Andrés Andrade,2500000.0
Jose Fajardo,546803,José Fajardo,550000.0
Cecilio Alfonso Waterman,177064,Cecilio Waterman,250000.0
Alberto Abdiel Quintero,126019,Alberto Quintero,75000.0
Anibal Casis Godoy,161671,Aníbal Godoy,100000.0
Cesar Augusto Yanis,741098,César Yanis,400000.0
Orlando Mosquera,402979,Orlando Mosquera,700000.0
Michael Amir Murillo,354482,Amir Murillo,7000000.0
Azarías Emmanuel Londono,860998,Azarías Londoño,1000000.0
Roderick Alonso Miller,157154,Roderick Miller,175000.0
Jorge Abdiel Gutierrez,443379,Jorge Gutiérrez,800000.0
